{"cameraMode":{"drawMode":0,"name":"Shaded","section":"Shading Mode"},"sceneLighting":true,"audioPlay":false,"sceneViewState":{"m_AlwaysRefresh":false,"showFog":true,"showSkybox":true,"showFlares":true,"showImageEffects":true,"showParticleSystems":true,"showVisualEffectGraphs":true,"m_FxEnabled":true},"in2DMode":false,"pivot":{"x":-0.6606718897819519,"y":1.7806060314178467,"z":1.0190062522888184},"rotation":{"x":0.22377410531044007,"y":0.030190270394086839,"z":-0.006878924556076527,"w":0.9740874171257019},"size":1.4376190900802613,"orthographic":false}